level	page_num	block_num	par_num	line_num	word_num	left	top	width	height	conf	text
1	1	0	0	0	0	0	0	1124	1708	-1	
2	1	1	0	0	0	201	123	809	1520	-1	
3	1	1	1	0	0	201	123	809	1520	-1	
4	1	1	1	1	0	553	123	82	30	-1	
5	1	1	1	1	1	553	123	82	30	92.629990	(४४)
4	1	1	1	2	0	340	169	670	41	-1	
5	1	1	1	2	1	340	170	53	35	73.396843	सबे
5	1	1	1	2	2	435	181	107	29	48.098831	एकसार
5	1	1	1	2	3	583	181	57	22	48.098831	पाय
5	1	1	1	2	4	682	181	85	23	91.827461	परसन
5	1	1	1	2	5	809	169	44	34	62.570362	को
5	1	1	1	2	6	898	171	112	38	44.355637	धाई॥*«
4	1	1	1	3	0	201	222	641	44	-1	
5	1	1	1	3	1	201	227	60	32	88.065384	पाछें
5	1	1	1	3	2	291	236	106	30	72.019539	बृषभान
5	1	1	1	3	3	427	236	48	25	64.495674	द्वार
5	1	1	1	3	4	504	222	60	35	82.061546	पोरी
5	1	1	1	3	5	597	235	65	22	92.429314	आय
5	1	1	1	3	6	693	226	56	38	72.628204	ठाड़े
5	1	1	1	3	7	782	235	60	30	88.640671	भए,
4	1	1	1	4	0	345	277	627	42	-1	
5	1	1	1	4	1	345	277	56	35	90.501671	और
5	1	1	1	4	2	438	279	75	33	91.531349	बोलि
5	1	1	1	4	3	549	279	38	32	90.664917	जो
5	1	1	1	4	4	625	280	72	39	90.664917	बड़ेरी
5	1	1	1	4	5	734	290	105	29	87.382301	सनमुख
5	1	1	1	4	6	875	280	97	38	73.155518	पठाई।
4	1	1	1	5	0	205	335	638	38	-1	
5	1	1	1	5	1	205	336	73	36	91.259064	देखत
5	1	1	1	5	2	310	336	31	35	92.752411	ही
5	1	1	1	5	3	372	335	97	35	69.707687	नैंदरानी
5	1	1	1	5	4	501	335	75	34	91.850304	मनहीं
5	1	1	1	5	5	607	344	47	22	91.257286	मन
5	1	1	1	5	6	685	336	158	37	58.150528	सुसिक्‍यानी,
4	1	1	1	6	0	345	386	640	41	-1	
5	1	1	1	6	1	345	398	75	26	94.522026	आदर
5	1	1	1	6	2	452	386	22	38	57.464062	दे
5	1	1	1	6	3	504	390	65	30	91.236679	पानि
5	1	1	1	6	4	601	388	53	37	92.349533	गहें,
5	1	1	1	6	5	693	398	71	22	93.177040	भवन
5	1	1	1	6	6	796	399	65	27	90.288467	माझ
5	1	1	1	6	7	893	389	92	38	79.260025	लाईं॥
4	1	1	1	7	0	207	439	637	43	-1	
5	1	1	1	7	1	207	446	81	30	85.722290	निकट
5	1	1	1	7	2	304	454	56	28	87.483635	जाइ
5	1	1	1	7	3	376	445	69	31	92.298683	लली
5	1	1	1	7	4	460	439	63	40	91.597496	देखि
5	1	1	1	7	5	539	445	101	34	91.110489	सबहिन
5	1	1	1	7	6	656	453	47	22	93.175644	मन
5	1	1	1	7	7	720	444	124	36	91.086838	अवरेखि,
4	1	1	1	8	0	347	498	627	39	-1	
5	1	1	1	8	1	347	508	54	22	91.615471	अब
5	1	1	1	8	2	430	498	46	38	90.373268	भई
5	1	1	1	8	3	500	498	75	33	90.373268	साँची
5	1	1	1	8	4	599	508	57	22	93.199966	बात
5	1	1	1	8	5	681	508	144	29	89.758553	सुख-समूह
5	1	1	1	8	6	850	508	52	22	90.700020	ब्रज
5	1	1	1	8	7	927	498	47	31	90.768822	में।
4	1	1	1	9	0	208	549	636	43	-1	
5	1	1	1	9	1	208	563	45	25	93.061905	यह
5	1	1	1	9	2	272	554	59	38	91.188370	सुनि
5	1	1	1	9	3	348	562	50	22	96.834480	जन
5	1	1	1	9	4	416	552	75	36	93.093605	मोहन
5	1	1	1	9	5	512	553	124	31	44.166458	अँग-अँग
5	1	1	1	9	6	657	555	80	33	92.648781	आनंद
5	1	1	1	9	7	758	549	86	42	0.000000	भरदौ,
4	1	1	1	10	0	347	603	639	43	-1	
5	1	1	1	10	1	347	603	58	35	66.826920	गयौ
5	1	1	1	10	2	428	617	62	21	93.280777	जाय
5	1	1	1	10	3	511	616	136	30	70.886833	बृषभानजू
5	1	1	1	10	4	662	605	23	33	80.224556	पै
5	1	1	1	10	5	706	607	80	32	67.060555	लोटत
5	1	1	1	10	6	807	617	98	25	89.978615	पद-रज
5	1	1	1	10	7	927	607	26	31	89.430840	में
5	1	1	1	10	8	969	617	17	22	62.343151	॥॥
4	1	1	1	11	0	384	666	257	37	-1	
5	1	1	1	11	1	384	701	3	2	0.000000	े
5	1	1	1	11	2	556	666	85	32	43.293449	[६८]
4	1	1	1	12	0	447	714	306	38	-1	
5	1	1	1	12	1	447	720	61	32	93.191208	(राग
5	1	1	1	12	2	521	714	144	36	90.404526	देस---तीन
5	1	1	1	12	3	679	721	74	31	95.841942	ताल)
4	1	1	1	13	0	212	771	398	39	-1	
5	1	1	1	13	1	212	773	61	37	93.080681	सुंदर
5	1	1	1	13	2	284	780	78	30	91.967117	सुभग
5	1	1	1	13	3	374	771	81	39	68.077881	कुँवरि
5	1	1	1	13	4	468	781	54	29	93.264389	एक
5	1	1	1	13	5	534	772	76	37	66.334541	जाई।
4	1	1	1	14	0	213	823	772	42	-1	
5	1	1	1	14	1	213	835	60	25	92.827477	कहा
5	1	1	1	14	2	295	823	61	38	91.376183	कहों
5	1	1	1	14	3	376	835	43	26	96.285767	यह
5	1	1	1	14	4	440	835	57	22	92.747818	बात
5	1	1	1	14	5	518	835	52	23	93.187622	रूप
5	1	1	1	14	6	591	835	47	30	67.081635	गुन
5	1	1	1	14	7	658	826	46	31	82.687515	प्रेम
5	1	1	1	14	8	725	825	72	32	93.277557	कोटि
5	1	1	1	14	9	821	827	53	31	36.355476	भारि
5	1	1	1	14	10	894	826	59	38	2.202654	लाई
5	1	1	1	14	11	968	836	17	21	2.202654	॥
4	1	1	1	15	0	216	880	758	39	-1	
5	1	1	1	15	1	216	881	64	37	88.560921	भूलि
5	1	1	1	15	2	293	880	48	32	93.165939	गये
5	1	1	1	15	3	354	881	126	31	86.839661	जित-तित
5	1	1	1	15	4	492	890	53	23	95.060387	सब
5	1	1	1	15	5	558	890	52	22	95.892258	ब्रज
5	1	1	1	15	6	624	880	26	31	96.626732	में
5	1	1	1	15	7	661	890	62	29	93.193062	सुख
5	1	1	1	15	8	736	881	44	31	90.687233	व्ही
5	1	1	1	15	9	792	882	74	33	89.486725	लहरि
5	1	1	1	15	10	878	881	75	38	89.559357	बढ़ाई
5	1	1	1	15	11	969	891	5	21	87.406746	।
4	1	1	1	16	0	217	931	771	43	-1	
5	1	1	1	16	1	217	935	53	31	91.746803	धनि
5	1	1	1	16	2	286	931	79	39	89.595230	लहनो
5	1	1	1	16	3	381	944	106	30	78.857758	बृषभानु
5	1	1	1	16	4	501	934	57	32	91.867073	गोप
5	1	1	1	16	5	575	931	53	40	95.811394	को,
5	1	1	1	16	6	651	944	72	22	91.960167	भाग्य
5	1	1	1	16	7	739	944	57	26	88.233131	दसा
5	1	1	1	16	8	812	936	66	30	91.799698	चलि
5	1	1	1	16	9	896	935	60	37	54.146481	आईं
5	1	1	1	16	10	971	944	17	22	46.764908	॥
4	1	1	1	17	0	217	988	760	39	-1	
5	1	1	1	17	1	217	990	54	31	89.168663	धनि
5	1	1	1	17	2	318	991	81	33	90.794037	आनंद
5	1	1	1	17	3	441	988	150	36	87.026787	जसोदारानी
5	1	1	1	17	4	637	989	73	32	88.468391	अपने
5	1	1	1	17	5	756	990	99	34	88.468391	भवनहिं
5	1	1	1	17	6	898	990	79	37	76.142418	लाई।
4	1	1	1	18	0	215	1043	773	40	-1	
5	1	1	1	18	1	215	1046	97	36	52.006020	बूंदाबन
5	1	1	1	18	2	332	1043	27	32	93.095032	में
5	1	1	1	18	3	378	1044	72	33	79.449112	सरित्र
5	1	1	1	18	4	469	1053	44	25	96.725143	यह
5	1	1	1	18	5	533	1044	71	31	95.836006	प्यारी
5	1	1	1	18	6	627	1052	60	23	96.430542	भाग
5	1	1	1	18	7	708	1045	97	30	95.351219	अधिक
5	1	1	1	18	8	825	1053	59	30	65.701195	सुख
5	1	1	1	18	9	904	1044	52	38	49.637047	पाई
5	1	1	1	18	10	970	1054	18	21	58.765289	॥
4	1	1	1	19	0	562	1102	85	32	-1	
5	1	1	1	19	1	562	1102	64	32	0.000000	[5९
5	1	1	1	19	2	633	1102	14	32	30.174494	]
4	1	1	1	20	0	421	1157	367	33	-1	
5	1	1	1	20	1	421	1157	61	32	93.304550	(राग
5	1	1	1	20	2	496	1161	192	24	90.440399	खमाच---ताल
5	1	1	1	20	3	703	1158	85	32	89.612877	दादरा)
4	1	1	1	21	0	255	1205	683	43	-1	
5	1	1	1	21	1	255	1217	55	30	44.316566	सुभ
5	1	1	1	21	2	342	1209	89	32	55.062634	निसान
5	1	1	1	21	3	462	1218	83	22	88.343895	बाजत
5	1	1	1	21	4	576	1205	179	43	68.350220	बृषभान-भौन
5	1	1	1	21	5	789	1219	67	22	93.237640	आज
5	1	1	1	21	6	889	1211	49	31	78.965416	री।
4	1	1	1	22	0	255	1263	692	41	-1	
5	1	1	1	22	1	255	1264	75	31	20.265366	ज्रगटी
5	1	1	1	22	2	358	1264	119	32	90.831810	रूप-भरी
5	1	1	1	22	3	506	1263	81	40	66.705765	कुँवरि
5	1	1	1	22	4	615	1264	150	40	86.892952	साँवर-सुख
5	1	1	1	22	5	794	1274	64	24	86.713913	साज
5	1	1	1	22	6	887	1266	60	31	84.020584	री॥
4	1	1	1	23	0	255	1315	680	45	-1	
5	1	1	1	23	1	255	1315	71	43	89.010307	सुंदरिं
5	1	1	1	23	2	352	1328	51	24	89.218216	सब
5	1	1	1	23	3	430	1328	57	22	89.218216	गात
5	1	1	1	23	4	512	1320	76	36	86.548431	चलीं,
5	1	1	1	23	5	617	1329	69	24	91.726639	सरस
5	1	1	1	23	6	712	1329	65	31	70.381737	मश्चुर
5	1	1	1	23	7	803	1321	57	31	93.202530	गीत
5	1	1	1	23	8	886	1322	49	31	89.650078	री।
4	1	1	1	24	0	254	1374	695	40	-1	
5	1	1	1	24	1	254	1374	54	34	87.809662	सजे
5	1	1	1	24	2	336	1384	53	23	86.944016	सब
5	1	1	1	24	3	416	1374	185	38	58.740601	मँगल-कलस,
5	1	1	1	24	4	633	1375	53	39	90.609406	हिएँ
5	1	1	1	24	5	715	1376	53	32	96.500633	भरी
5	1	1	1	24	6	795	1377	64	31	19.125843	प्रीति
5	1	1	1	24	7	888	1377	61	32	87.331467	री॥
4	1	1	1	25	0	253	1427	683	43	-1	
5	1	1	1	25	1	253	1440	72	26	89.132088	कहत
5	1	1	1	25	2	357	1423	96	51	79.930481	एक--
5	1	1	1	25	3	472	1423	74	51	79.930481	हैहेँ
5	1	1	1	25	4	553	1439	51	24	92.503067	बस
5	1	1	1	25	5	641	1430	67	33	81.701714	याके
5	1	1	1	25	6	744	1431	107	36	75.186516	नैंदलाल
5	1	1	1	25	7	886	1433	50	31	89.815948	री।
4	1	1	1	26	0	252	1482	697	44	-1	
5	1	1	1	26	1	252	1483	40	40	22.532349	दैहें
5	1	1	1	26	2	314	1487	59	31	89.736053	निज
5	1	1	1	26	3	396	1487	101	31	72.299973	प्रियतम
5	1	1	1	26	4	519	1482	45	36	69.705956	कौ
5	1	1	1	26	5	585	1495	62	23	95.707771	परम
5	1	1	1	26	6	670	1496	61	30	92.958351	सुख
5	1	1	1	26	7	753	1488	100	32	91.607834	बिसाल
5	1	1	1	26	8	875	1488	37	32	76.736992	री!
5	1	1	1	26	9	932	1496	17	23	83.107697	॥
4	1	1	1	27	0	256	1537	682	44	-1	
5	1	1	1	27	1	256	1545	69	30	73.154594	'धन्य
5	1	1	1	27	2	351	1551	72	23	92.840462	भाग्य
5	1	1	1	27	3	446	1537	79	41	42.911224	हमरो'
5	1	1	1	27	4	553	1551	55	30	93.266777	एक
5	1	1	1	27	5	630	1551	72	27	89.287170	कहत
5	1	1	1	27	6	725	1542	58	36	28.946838	हेँसिे
5	1	1	1	27	7	805	1553	60	23	90.363708	बाम
5	1	1	1	27	8	887	1544	51	32	91.298729	री।
4	1	1	1	28	0	256	1594	691	49	-1	
5	1	1	1	28	1	256	1602	78	41	91.614098	'हमहू
5	1	1	1	28	2	359	1607	61	32	93.208305	सुख
5	1	1	1	28	3	453	1607	63	27	92.384323	दरस
5	1	1	1	28	4	549	1607	66	24	88.794144	परस
5	1	1	1	28	5	647	1594	42	40	63.485374	पेहेँ
5	1	1	1	28	6	722	1599	119	33	77.477837	अभिराम
5	1	1	1	28	7	873	1600	74	32	48.079941	री!'॥
